employee_id,apt_0,apt_1,apt_2
E10000,-1.0794456520303146,0.09870658319282413,2.2067548114659292
E10001,-0.4286355301294725,0.5938048589815164,1.793318126427778
E10002,-0.7475537482646374,-0.7201862680674952,1.5425647407004368
E10003,-0.8581986469293288,-1.7120898171428371,-0.6534728081990449
E10004,-0.37558424499679643,-1.3359704887468657,3.5241555306937435
E10005,0.1149203071684636,-0.44733383378190583,0.556041646032028
E10006,-0.004936780106310851,-0.25541033648237976,0.34466225889563695
E10007,0.005464555016555073,-0.6729320266778284,4.222057721207935
E10008,0.219729633315631,-0.9031765972355149,-0.40397132942279934
E10009,-0.6275780633250891,0.7891355181379389,1.4521850266023444
E10010,0.08382520999564375,1.5355547497724125,1.9488730905863716
E10011,-0.33028752388498867,0.5335115015664008,2.042275044126404
E10012,-0.8112470338942958,0.8745638338518322,1.232801557252226
E10013,0.12826457541029013,-0.8291320016591479,3.5458469719779617
E10014,0.16397151823347278,-0.07216172286708039,-1.0949603898633449
E10015,0.17852313176972012,-1.9483743604623935,-1.1231799771925481
E10016,-0.9284941171409579,-0.5882422570301612,2.2499079871687604
E10017,0.3989398435634852,0.12024335673899102,1.3978084762658336
E10018,-0.7260916311541391,-1.1680673449914931,2.882128567459456
E10019,0.01890214201244067,-1.6618452751876733,3.0358529898900017
E10020,-0.45137397031900517,1.069210839291485,1.3683284744354605
E10021,-0.21489255315724104,-0.9976216931279549,-0.49628834009306
E10022,-0.6743216013959328,0.04438363332838091,1.5637457139376723
E10023,-0.5042430022998727,0.40132124420148274,1.6201866025074632
E10024,1.083261776294304,-0.6059900460849119,-0.9427752402304745
E10025,-0.32569610608105193,-0.9063902969108799,0.4520333863338001
E10026,-0.8215992597922706,0.2370994116238514,0.6159129224656394
E10027,-0.23518312755084006,0.6431656035042693,0.30486616752994444
E10028,1.271295409528706,-0.23139985961481,1.2146488377768037
E10029,-1.5779617537229729,1.7156713200913882,0.5073125704913054
E10030,-0.1817351323714111,-0.20383575204923918,0.6403009251582132
E10031,-1.059958916765904,-1.3745203501278942,2.518866603667444
E10032,-0.9136887840240571,1.821862966005538,2.7326069896621585
E10033,0.3940782921626017,-1.8290928401256288,-1.4461607654833324
E10034,-0.5583886120167868,-1.7196481409606312,3.8295960874308985
E10035,-0.11224449950249388,0.6674403386514058,1.0982810119378417
E10036,0.21795811612442018,-1.6098845211481345,2.705047265905944
E10037,1.063663639314304,-0.9722577404711864,0.8437040509334628
E10038,-0.6189453004092653,1.6277126715394215,2.371062616604326
E10039,0.4319551047754077,1.2255037398210522,2.6268258670426357
E10040,-0.35633081340375106,-0.9236351483973335,3.395578416052463
E10041,-0.4940817242038617,1.272831732891024,1.0453350686860734
E10042,0.2405465095204235,-0.9423905600625286,-0.18052661660082128
E10043,0.3283723799109788,-3.2900450118236453,3.5936935361414557
E10044,-0.033758557414523216,2.1120766581999533,1.1321962001055539
E10045,-0.11797654888065406,0.7142979376943165,2.1816471286845274
E10046,-0.7576636068155946,-1.3498077007026708,4.294905565997993
E10047,-1.4155659178701163,-0.7397464530713711,0.9928360510670797
E10048,0.7630477005957806,-0.96526872826324,-1.495050387305418
E10049,-0.9934928808011625,1.069169565701427,2.099923997228786
E10050,-0.9544076292015415,-1.449139392035412,2.8355366004716913
E10051,-0.07167759764891757,-1.8332289387870717,3.2292048532960904
E10052,-1.151178952168501,-1.2937598349055839,0.11793837989820563
E10053,-0.9196427728050809,0.10034154427293984,-1.3985576617459605
E10054,-0.6212548515412681,-0.3157183728220897,-0.10574529877216883
E10055,-0.5549622735675526,-1.8534925585164173,-1.820284709939489
E10056,-0.7493750326003715,-0.3388357168687528,3.3345235653236647
E10057,0.8172652940633132,-0.9745500473223714,-0.5575748246506136
E10058,-2.257320597264485,-1.6926679832681446,4.072042441279168
E10059,-0.23551649321880136,-0.22125195589748925,-0.3355581711792889
E10060,-0.4060269093629012,-1.4646085507555755,-0.7698072998912922
E10061,-0.9550985548266124,-2.2495466090805563,3.5450478956485423
E10062,-0.9981763756942839,-0.8004706296136284,0.21520342366153822
E10063,-0.8891976426795547,-0.3488446910222528,-0.9177266867908127
E10064,-0.014582968542989405,0.968699816321188,1.5445465358214419
E10065,0.5346863974904337,-0.3849039325854263,1.3144879394543183
E10066,-0.5509032347605711,-0.8255216903077223,3.463566471743932
E10067,0.10858433040309198,-0.8800704528753794,1.509579529045637
E10068,-1.0183270764626933,-2.0178321540458195,4.334223098068326
E10069,-0.5926639302473201,0.8219178386615534,0.9556400878722459
E10070,-0.6727451369223494,-0.41840517390149456,-1.6433007099398549
E10071,0.4251049607970004,-0.46507182629306143,-1.5259838721687835
E10072,-0.14518832204623922,0.8058473043041934,2.638580806205781
E10073,0.09742629936006247,1.3083350739903676,0.7074188262041924
E10074,-0.5327997131136866,1.2199087038359397,2.3428857971372747
E10075,-1.3126628490372751,-1.4291123166050848,3.276758347408513
E10076,-0.3131747695179503,0.05755891474247825,1.217304800044129
E10077,0.8730660663320997,0.6089844464924351,0.4189116113727865
E10078,-2.397735632995495,-1.3301162460813085,2.2943775712866894
E10079,-0.07660968352841557,2.30859735778916,0.6153755971844401
E10080,-0.04954343297482525,-1.6383492778510547,-0.48463319798586546
E10081,-0.40738505024666694,2.4608965655866513,1.4193715865060033
E10082,0.2529951088122905,-1.2378117852575548,-0.7350970038855438
E10083,-1.2853403082582346,0.17393528101778966,1.2449194198796403
E10084,0.5427762967254585,-1.3913568183436786,-1.8491329239375478
E10085,-0.12013807473460429,-1.8124147566487674,-1.316801122031102
E10086,0.31172500920487195,-0.8152734957109591,0.11861077191753383
E10087,0.6572085734810628,-1.5617295735101164,-1.020312280141364
E10088,-0.1665663457712505,-1.3712106191513076,-0.6670212245406522
E10089,-0.5123112735025883,1.0569358495241006,0.06951589472347197
E10090,-0.84204803018459,-2.1918182706015212,3.4267500303552927
E10091,-0.5181693346308167,-0.4957315548431305,0.8006758458821084
E10092,-0.1697131919011901,-2.440608879769199,4.190878786716162
E10093,1.575720450373765,0.018790511307940762,1.322926160335532
E10094,-0.5516751380466781,-1.8662459348495894,-0.7602844386215937
E10095,1.7293008660447564,-1.4910799236114736,-0.0004787180685054915
E10096,-0.4439154454057835,1.1161143908661644,0.9050061048353016
E10097,0.15087448097252046,-1.6160332599800928,-2.0791273617407047
E10098,-0.113709423544955,0.7667488571724671,1.808690797308472
E10099,-0.7285698697449154,-0.6280078415211217,1.116434556823552
E10100,0.36333289016906467,-1.1226343232034797,3.7101399934652792
E10101,0.2911855817602682,0.37518884521663554,1.3593124146845665
E10102,-0.06701764342113004,1.0961992747160396,0.3224412579177782
E10103,0.19106957146356532,0.8653717711550188,0.6160081225028005
E10104,-0.08418912625879366,-0.5015337425462929,3.286413466334466
E10105,-0.9552030922549586,1.4977101413629048,0.84079868381715
E10106,-0.4945865456602648,-0.9027999989648359,-1.1238814794965482
E10107,-1.1090859428063649,0.1343034359298494,1.2735621627689606
E10108,0.34355457703993575,1.8752253884833885,0.10451403607582113
E10109,-0.1054984912090341,0.8385791758780722,1.6318816628474928
E10110,-0.8931765347747405,-1.467140671030551,3.222452012347242
E10111,0.3770559516373899,-0.663257024919516,-0.08299589465260437
E10112,-0.7054016339610885,-1.2288744164361325,3.379122812873239
E10113,0.16198052674001295,-1.247569566071406,2.949452188272823
E10114,-1.859653873893719,1.2815115967297204,1.7878944660922493
E10115,-0.6996304510101795,1.44089109545351,1.4239352173215958
E10116,-0.7503250968926951,0.04820264480067049,1.0956075379063253
E10117,-0.6810300268443775,-2.187431823678588,3.2478005711755547
E10118,-1.459178944851745,-0.9605684809417918,0.10972083211053635
E10119,0.7626531869963088,0.00633203216550865,1.5320384890043015
E10120,-0.6413213411179645,-1.3765667116428086,-1.0767550564759296
E10121,-0.6942157884782751,-1.6931786626903458,3.4672810470420763
E10122,-0.6235968803326393,0.0833453509750919,-0.33338005560766565
E10123,-0.6633014143896193,1.4721163328246694,1.1954328301277766
E10124,0.21397583411995444,0.05034308722758278,1.0770160766426173
E10125,-0.2330329467387595,-1.591508909432357,-0.37759045061861385
E10126,0.7542934464340278,0.8762916808293312,1.003925264409985
E10127,-0.696894979371725,1.2755959699002117,0.9723754794105337
E10128,-0.4097979549757339,-2.5360982314142833,3.9100640709079415
E10129,0.2550012000988946,-1.9084333909656421,-1.5230901582500516
E10130,-0.8289718769958693,-0.022870969150789816,2.8351224253308844
E10131,-0.2513878367237698,-2.5945469600880813,2.8739678844481724
E10132,0.07559753866700888,-1.1265257222403984,-2.0147415796261994
E10133,0.02653086364456199,-1.7093193373855808,-1.8881474010013357
E10134,-0.08697120129165628,0.587055211771177,1.791572052293391
E10135,0.101903221369297,-0.17569281217867397,1.7156771429945228
E10136,0.06088418317614895,-1.0823453095565536,-0.52865966749969
E10137,-0.8754676921132507,-1.4656610089044746,4.75168586758004
E10138,0.2882704884856329,-1.645448956169428,-1.7253259304216115
E10139,-0.5377885569047502,1.4291049762349228,1.047393298548842
E10140,0.07972053935626017,1.1983419899640375,1.327829789505348
E10141,-0.1022948513031004,-1.8531348804651613,2.903094194897077
E10142,0.8541721443303922,0.26501684375485823,0.5877378551197388
E10143,-0.10497623983458537,-1.2342478775925676,4.498426675293778
E10144,-0.21638360818473454,0.46908632802603534,0.41639952896001176
E10145,-1.0723184276630784,-2.230484570480231,4.052199337498428
E10146,-1.9959258726223608,1.1825129235952176,-0.6251048968588029
E10147,-0.9631745186990448,1.1293295674077315,2.002041721013997
E10148,-0.3393652521754595,-2.0098780845765867,3.9273394192278346
E10149,-0.5666426629904793,-1.4874530553548555,2.5661582827255436
E10150,-0.8367368176529122,-0.3723294722618309,1.314824050008933
E10151,-0.0944182361544008,0.6007167049318071,0.34436756466800245
E10152,-1.5170144157724659,-1.1211506620962421,-2.0959020771404653
E10153,-0.47205755433612306,-1.7660375378550544,-1.6238952575473269
E10154,-0.9496381149106056,-1.0406212372563888,-1.0081251655331864
E10155,-0.36334145135842566,-0.1678105243422292,2.4901457520283006
E10156,-0.7480481983118671,-3.0240675880866887,3.107200011606659
E10157,-0.19171172412944354,-1.0776096317648467,3.334179425559197
E10158,0.40900957516896164,0.3649222822379137,0.8657390179839486
E10159,-0.7779143390556928,0.5532365453668082,0.9274282147932885
E10160,-1.0325914407803196,1.694707465965631,0.4624029410798718
E10161,-0.5080952409641161,1.9267073699686375,1.1107015410472645
E10162,-0.8105168829597064,0.8276173422568988,0.15955871926412302
E10163,-0.7740190492348116,-1.5349891846080077,3.2973063824285176
E10164,-0.469044382061485,-1.143729278693511,3.2665167239615283
E10165,-0.3453834489726322,-1.4072640461235788,-0.5285532757016237
E10166,0.5800509950269179,-1.6666529425051653,-0.7178295980349992
E10167,-0.231329139955106,-0.19002397640819405,1.6579916155629002
E10168,-0.9008741362437818,1.806809361683779,1.2987547374526416
E10169,-0.600523402766181,0.4399097969062191,1.6149011215296025
E10170,0.5699632837995509,-0.5830222318821839,0.13312061795715874
E10171,-0.8177042430680637,1.1434132997218143,-0.7288352627377842
E10172,0.10515612315947459,1.6826692273786303,0.46663364124890194
E10173,-0.6519225790354333,-1.557244902325991,4.071110816875053
E10174,-0.5691362125109325,-0.4829058970372323,-1.288307299107456
E10175,0.4635156601658126,-2.1522741163912498,3.4839077059322436
E10176,-0.6381867135414522,-1.568793750649211,3.773678378311264
E10177,0.8782089964957569,-1.0118142373625663,0.2314030160997046
E10178,-0.3800070936721093,-0.8994743162208311,3.0100113596969424
E10179,0.5040846603070426,0.3405610262058104,0.7628566691150478
E10180,-0.6388173097129142,0.021726327163169176,1.4306274793846803
E10181,-1.065233816208432,1.0796810325570925,1.2795813660151139
E10182,0.2778817329936318,-1.6249385186555783,-2.0220187990601595
E10183,-0.604029885474771,0.21920418763358843,0.6734288127536935
E10184,-0.044074747981173584,-0.11770448343744974,-0.08888136090352412
E10185,0.4052741401780557,-0.3890361349877123,-0.8030185979765537
E10186,0.02132335154185333,1.60030877683083,0.2692260229778096
E10187,-1.0446665306312433,0.4548758006638433,-0.010939051960085844
E10188,0.12275605954089108,0.6801151575238242,0.548956063442902
E10189,0.6141820511028873,-0.2689300595001819,-0.37099494258536203
E10190,-0.05786615921434102,-0.8047518137191378,1.558294956772448
E10191,-0.10310736978705204,-1.1976856726022391,4.029327108725601
E10192,-1.789375864422269,-1.1571103997736112,2.5013737168061154
E10193,-0.14550309142220239,-0.5127634486629487,0.5103764311634705
E10194,-0.4404296423317605,-0.7029228664121339,2.926622890829171
E10195,-0.15187338192836347,-1.4126592404399076,2.3065870253458076
E10196,-0.6757183548002433,-1.2526372594410624,0.5057316754564256
E10197,0.1536853548478449,-1.86321093365619,-0.24583353130690677
E10198,0.6333418535674842,-1.4432591696746921,3.0913658423453017
E10199,0.4917396407562205,0.76339307958197,-0.4561683474800591
E10200,0.058816275311833616,-0.07460479029700184,1.7185438472140824
E10201,0.16969315797128373,0.4819678270528922,-0.7591835461675044
E10202,-0.9571736118536263,1.9911973200424882,1.1234812359062745
E10203,0.27854584569041574,-1.4625731110711682,-0.6866561990317595
E10204,-0.9420280037261284,-1.5913539145197366,3.759356875010618
E10205,0.5792321398121357,-1.4769660139437715,1.0141665946949188
E10206,0.04679534387336412,-0.9514958502678625,0.33476569305928267
E10207,-0.12227452825927579,-1.0182947625093504,-1.2516060120361487
E10208,-0.0799842655723369,-1.709666465279449,0.43239294395120503
E10209,-1.15807820170053,0.7586400000038543,1.3915352742260627
E10210,0.38436453259844794,-1.7215490288178512,3.708344581011118
E10211,0.4012755168070986,0.6115395700819252,1.1002223126122104
E10212,-0.8973566196274733,-1.2017996316973294,1.1292429864389835
E10213,0.46412383182627615,-0.5517706831516767,1.7070731946276785
E10214,-1.034493299441034,1.4875424830789543,1.5957940332305813
E10215,-0.8600990435129674,1.5261897456649998,0.9220642627023734
E10216,0.28193952302010034,-0.18454859209183763,0.14723906856286229
E10217,0.692281386774158,0.520112593126465,0.8727361664406459
E10218,-0.5159201218885678,1.378359666199055,1.2193108083126978
E10219,1.050303784554586,1.6464100728734494,-0.05042247732529481
E10220,-0.9030213987385128,-2.669416423076692,3.089882233161235
E10221,-1.4351147271468858,-0.4002253749355731,0.3745143683359474
E10222,0.3380211072112853,-1.2784122372419293,-1.044114878940707
E10223,0.04479416728968298,-2.115314504941907,-0.9177794418871046
E10224,0.6889329547517609,1.6694264844107793,0.915564305147031
E10225,-1.0995688949742957,-0.4221112747504955,1.5587710800596546
E10226,0.17946903466971414,1.580418642080037,1.6510514385611608
E10227,-0.039794834993565065,1.727819572078402,0.7760349075808171
E10228,-0.02019437250133231,-1.6717371216570442,-0.15118642270374985
E10229,0.30604311907094595,-0.2714655703871436,-2.011731448060525
E10230,0.16435609890835945,-0.27396848435360455,0.2936648650246669
E10231,0.25703867638399625,0.4753458488261709,2.0659479799816696
E10232,-1.087478168112368,-1.3859266659702465,-0.006334140465255962
E10233,-1.7610990435529368,2.162286419753658,1.9035481820348354
E10234,-0.8373523487590495,-1.7324555285755128,3.244352702298336
E10235,-0.5461296254445619,-1.4336888190626356,3.622700451515721
E10236,-0.6809178275134207,-0.9440771884925305,3.555329853663921
E10237,-0.5053277398663869,0.47532870749983847,-0.7016197277681903
E10238,-0.5197012679027967,2.004049377892132,0.7372752017902839
E10239,0.0611849083738671,-0.8367066811283326,-0.6779581152673544
E10240,-0.07247771959403507,-0.15650383020921016,-0.5517378518322928
E10241,1.2398552388876591,-0.7836027052499054,0.7162926403460318
E10242,-0.4784091994397138,-0.5292528056256853,1.3486358320094607
E10243,-0.07494575077741034,1.9762046822862587,2.108478131130612
E10244,1.6425992942746361,-1.0124019170744032,-0.5594990987738436
E10245,0.14717611639051092,-1.3224382095716565,0.39393588343272695
E10246,-0.9028470575058568,0.25829028611250093,0.35198506238669675
E10247,-1.5877444263860325,-1.9354105119681901,3.777409813857102
E10248,0.4630778443918442,-0.6406136686336943,1.7147627963761887
E10249,-1.6328057050070648,1.3702974179642238,1.8383471699994944
E10250,-0.9082514537701221,-2.414146550062015,3.3754900652152746
E10251,-0.8272331013911977,1.8016339568863526,0.6399232054067344
E10252,-0.5881306134782839,-2.375311831853508,-0.05967696784772124
E10253,0.010982037464839584,-1.991766657263299,-1.1096130351796907
E10254,0.3735135910754548,-0.006611858345886207,1.4478474560096035
E10255,-0.3004150316588123,0.7013010409394751,2.4050705571621283
E10256,-0.859851913781704,-1.1163234494630445,3.7492903537261686
E10257,-0.20830555595587483,-0.7986334242919806,-0.014152261388777454
E10258,-0.9751323340228674,-1.3620740600778143,-0.529174335891048
E10259,-0.741448806217587,0.6414970305448686,1.8469792947851889
E10260,0.8366471130816239,-0.5759086537287162,0.6006737400096747
E10261,-0.6711826836148045,1.0421448362552295,0.7039668366505438
E10262,0.6440649229572226,0.22706305314414962,-0.07722171159842571
E10263,0.19974711080887197,-1.267028358290001,2.784566604876388
E10264,-0.9858873131897505,-1.1007971910267196,3.912800898981497
E10265,0.08827955004255308,1.2608621564287323,2.2679515855552705
E10266,-0.19978028049945307,0.92075054155795,0.3851265576985101
E10267,-0.6968308284187397,1.8758270050965455,2.2671073123247334
E10268,0.007739631335451275,0.8239625842442256,1.1397627944037378
E10269,-0.0907403062733807,1.917913034933155,-0.016637500773946323
E10270,-0.49079187073693475,0.6925491382722055,1.4516282874983581
E10271,-1.2952510445988934,-2.9680665960156203,3.0682927402075353
E10272,-0.1674998954227512,-1.6930642092247687,-0.0757928322618143
E10273,0.0611034590287082,0.5251412101412234,-0.12660406884297393
E10274,-1.0312996479959007,-0.06004468130735763,1.6302511647388973
E10275,-0.28380160757831246,-1.2268712018532013,3.05771042220738
E10276,-0.7739220780943102,-1.9469907316322512,3.7486776642522477
E10277,-0.6768417523301707,-0.6526886022140195,-0.03693185159602329
E10278,-0.604368702781426,-1.904019410445087,2.4744360706902633
E10279,-0.6476527563780456,-0.3300068686248863,-2.3690243115812515
E10280,-0.36114168251182716,0.677343328521087,1.6272780293767428
E10281,-0.8750655411532382,-1.4818313915300703,2.954062445735539
E10282,-0.05189323234138801,0.598325801063799,0.6944337454802274
E10283,-0.2648654322926821,-1.8057241180094379,3.737724223155642
E10284,-1.1532758431666374,-0.47715098237715425,0.46356131579967175
E10285,0.2015241391176222,0.5246596018349283,1.463845699642236
E10286,-0.5818367688602405,1.7466845191427447,0.5994024403857904
E10287,-0.7495349472869784,0.15976971358166173,1.3908658717416678
E10288,-1.3380976964498166,0.39581673627519476,1.7505843128680554
E10289,-0.17091962216620096,0.26196933064263384,-0.5714048582677227
E10290,-0.6810540794420326,1.1868587935705257,1.12540649796296
E10291,-0.43996347709080325,-0.7213574190574393,0.9590183083745341
E10292,-0.6359144331727794,-0.7728499213420085,4.609107151412487
E10293,0.22394232300205896,-1.9752205883827707,2.8702754210130395
E10294,0.011927853925188234,-0.2080005215071048,-1.325146694749082
E10295,-0.9210529740088822,-1.4634167214995824,0.29258980661303924
E10296,0.2894156864512283,-1.282840439222755,0.24840500965740742
E10297,-1.9412453372364329,-1.4476956295595882,3.804172440209917
E10298,-0.7424465544037497,-0.37907421419228904,0.16707839445833406
E10299,0.3765953411780827,-1.942085556792147,3.432387154106006
E10300,0.46987522532082354,-0.3714950853343847,-1.3182309278313271
E10301,-0.44820635595347497,-1.0588698501854292,0.6088043714467612
E10302,-0.679445534548804,-2.0829146195296526,2.3633065023995217
E10303,-0.9755070200741638,0.6413638061494826,1.0945726003323324
E10304,-0.6072411352634548,-0.3068514262048817,1.3379748022365283
E10305,-0.268221535945774,-1.3265897255593129,0.6479505622078325
E10306,0.7982612894305562,-2.1287234430731594,0.03491184420716362
E10307,-0.3585922587420365,-1.4276865231359126,-1.0403252323639292
E10308,-0.5920337315684624,1.5621748656234313,1.5749011883567212
E10309,0.05219760063776814,-1.5508122218283356,-0.5391635586608052
E10310,-0.9883716576572451,-1.6750626178401924,1.015597222660506
E10311,-1.0525441601654804,-2.2260204580454985,3.479717904495603
E10312,-0.3089474448861445,0.005372965595948451,2.132374865963673
E10313,-0.1349257760748917,1.1059031782247661,0.9164335141825026
E10314,-0.8788939240517448,-0.9851493976310527,3.1028726097168566
E10315,-1.540293882882401,1.3949071300062448,0.2489034640608132
E10316,1.1693886887101355,-0.9051396414909585,0.016215604690663438
E10317,0.03037316113425835,-1.3359053357352995,-0.3356620353583265
E10318,-0.3242456440118075,-0.5942635953014397,3.7482666364791175
E10319,0.7625598474577019,-1.7906819041838626,0.02877378547460588
E10320,-0.4841943844733662,-1.299338395573166,4.113500369770082
E10321,-0.02494848944443359,-1.522037874751709,-0.9055037849887475
E10322,-0.9593966361087096,-1.4208470842925633,-1.3064108770112177
E10323,-1.129557185492489,-0.8757577637652606,2.6504169969827682
E10324,-0.6588658447266115,-1.334098835385426,4.09983212427441
E10325,-0.5836758766368457,-0.9483010141022806,3.7081184257550155
E10326,-0.5032674820068482,-2.16370121554328,2.4270126708461297
E10327,-0.17882534845951675,-0.20288921663608442,1.8385039411251944
E10328,-0.01688787055076424,1.3131323405846214,0.4764913103728091
E10329,0.4139663301951629,-1.8895055225003468,-1.6809706171984649
E10330,-0.4801244424982939,-1.3618364679832284,-0.523776862997609
E10331,-0.580366537842451,-1.7759243860358243,2.3723922293615924
E10332,-0.13312703057200503,0.9556561736896749,1.2416296362324286
E10333,-0.7898731852583181,-1.0070868388195442,3.1934193521716074
E10334,0.07216918771696786,-0.9872875663459807,0.03827184591796562
E10335,0.8884469303585544,-0.08860610634860941,0.003197990615288397
E10336,-0.20739067576386194,-1.8487332769310736,-1.557542735679739
E10337,-0.35576437779636666,-0.8867148245417251,-1.8686091781613374
E10338,0.5571977475169979,0.5739567378767815,1.2992483237370203
E10339,0.10771616730983981,-1.6131046405879885,-1.0638416166312874
E10340,0.07551346221681965,-1.931887047932695,2.3677259340375008
E10341,0.2807812805712407,-0.13111930863633967,-0.5587848169594057
E10342,-1.0173768382568045,-2.025455735009291,2.8530418259681896
E10343,-0.7715516681330464,-1.6699215531476552,2.897284994347663
E10344,-1.0322403074082906,-1.6472637769308358,3.3883761083044757
E10345,-0.4325065111299354,0.8179291217102647,1.5917999147688913
E10346,-1.5318495298235513,-1.1957565113308948,3.6510875769400886
E10347,-0.4019906532173204,-1.2228574455645131,0.11817451955198349
E10348,-0.12917367057577023,-1.8356981812476783,-1.0323753242345723
E10349,-0.5169339092819745,1.2840526220163582,0.9207598455441345
E10350,-0.5144482222578476,0.7622331129546599,0.9102266970179022
E10351,-0.25734699733972527,-1.7199752187899802,2.284577704313208
E10352,-0.8609573823424768,-2.1520882486833233,3.4480429652657776
E10353,-0.3860395736800786,-2.5052579456308255,3.7431689697380524
E10354,-1.2446537964754687,-0.5744837962897962,3.2584954286883687
E10355,-1.3251781148318311,-2.1951848129948157,3.4966183624611458
E10356,-0.3593284136254503,-1.2207027850986458,0.8060243451396125
E10357,-0.883948219947356,1.4598766518642754,2.0230257571614025
E10358,0.037759605593416304,-2.1266720805425647,0.14158961256067115
E10359,-0.8223501943564903,-0.31862592208798235,-0.6553643574773976
E10360,1.204363688939065,-0.6295675775826,2.809793645611952
E10361,0.020013805001610485,0.7536442816334635,0.7836604742267077
E10362,-0.31194025972261546,-0.758697748399541,3.213979819408117
E10363,-0.7973726168539537,-1.7181115633339732,3.802785126572015
E10364,0.07795895183878196,-0.15096869376846614,0.5904750134596111
E10365,-1.6950332261222238,1.6099402315719415,1.3022603980618002
E10366,1.6688080813007051,-1.528587982263667,1.557186632376758
E10367,-0.4191563040551113,1.7172926556428783,2.1766703373031966
E10368,0.09372817149231519,0.3629498813830202,1.4323219975978103
E10369,-0.754488662406537,1.4068054625406157,0.7418114050639215
E10370,-0.16788981199809488,-1.7272973114156778,0.370758204445831
E10371,-0.6503843679785091,-1.7117154125792655,3.419616037752825
E10372,-1.4374803694875982,-0.3524311726064375,3.226100710496179
E10373,-0.5519084411932246,0.844661211167098,1.1854868942071275
E10374,0.7076274544775445,-0.541160713668541,0.35101885620572265
E10375,0.18668969865755725,-0.5408644097201858,-0.7567634363167193
E10376,-0.20103877186663505,-0.23587146453367722,1.048794439671241
E10377,0.04448459313308645,0.641648023559509,0.8318275879282065
E10378,-0.516625955013486,-0.9543486102664372,2.118292426481308
E10379,0.35122935252853565,0.6041719827055158,2.076663076634071
E10380,0.10472182266908693,-1.0662991404523696,0.8072261580697855
E10381,0.2294690882300351,-1.1191945993820847,3.5716914268759288
E10382,0.22868690197540975,-0.5657733535121354,0.08027359406590928
E10383,-1.1187323084650593,-1.7098170360225582,3.067780860187379
E10384,-0.9585252374813324,-1.427945268990129,3.0933726769683925
E10385,0.4088658326419832,-2.2521282227955157,-1.2939051399043255
E10386,-0.49841103160183636,-1.6963707144813351,3.1843255675032003
E10387,-0.8436226060071156,-1.0648495920175611,-0.8373286738997036
E10388,0.1549727041794544,0.2974973424826898,0.23425222737480303
E10389,-0.29013330731777154,-1.4163387275050954,3.7002916191442354
E10390,-1.523679797387607,-2.0461417513660134,4.239900981608594
E10391,-1.3687364928269243,-1.3628426127144628,-0.5225272876751049
E10392,-0.5203581807349695,1.1808922943764328,1.248772070826751
E10393,-0.4546006973124966,0.1412386033596472,0.8769186642043416
E10394,0.5406561722870107,-0.30875148668836483,-0.24167798774558447
E10395,-1.2962954338246566,1.1095930350588143,1.060725868675792
E10396,0.4108483265727237,-1.883543788721663,-1.6873896546252363
E10397,-0.27093633299304937,-0.9466478713554722,2.9148047602863283
E10398,-1.0426588216816262,2.093199828478214,1.7569298283696475
E10399,-0.28475073674664275,-0.6412916740092576,-0.2363177723072642
E10400,0.2775655441490832,0.218364826371217,1.3417104250169631
E10401,-0.6454911366468069,-2.378421970657061,4.450618127024622
E10402,-0.6894688318470699,-1.9787245851141182,-0.2893597241324313
E10403,-0.8196116774173325,0.09170123336932108,1.6996055952534805
E10404,0.3544531510065052,0.6115673406784927,1.1035680532450112
E10405,0.13728009702775035,-1.034008424280762,-2.2805647178051895
E10406,0.4498758205027146,-2.1531154273695554,-0.001684304096052358
E10407,-0.707110832194928,1.3129738309300967,0.7092948051948574
E10408,-0.9553240348217475,-0.14553702909326316,3.8519830005627176
E10409,-1.5068634827970366,-0.6074654301680692,4.003706552473598
E10410,-0.7460694930813068,-1.3259750053613044,3.278794739736094
E10411,0.6062059269598257,-1.9877672839744611,3.375367553254175
E10412,-0.49961578790671146,-0.7370953350652287,2.6019302391494117
E10413,-1.286281963169781,-1.3779156580865415,2.243340823560538
E10414,-0.7038441049557668,1.6770802301069259,0.6762786770361531
E10415,0.1093525211303644,-0.038695747427365756,1.982996793555587
E10416,0.5743279586931054,-0.22931794873252329,1.3329870017521934
E10417,0.1834542264722327,0.6193492954346985,0.014381996244265737
E10418,-0.35027520580420546,1.2778550523697796,1.2402629849207816
E10419,0.31436233471116865,1.811548881973964,1.591872448403592
E10420,0.3092937147949231,-1.2549957060563828,0.029652431669107304
E10421,-0.543579206570648,-0.5174512610290822,-2.8956685228458783
E10422,0.05523596502954372,-0.594198268529092,-2.0442130236175506
E10423,-0.22453383083980014,1.0154390692994353,0.9498371056242494
E10424,-0.009777439324671122,-1.3911590150481168,2.067147666658121
E10425,-0.9764255397315984,0.9753357348887596,0.4489427181929976
E10426,0.9243328638281467,-0.15312188291978313,-0.36699087256668605
E10427,0.9246006673333591,-1.4953053686680604,2.710160066743324
E10428,-0.9575259352546801,-2.864028233752858,4.251972592338308
E10429,0.3795151777179844,-2.1192976338671996,3.151030614359595
E10430,0.16488952689834538,-1.8549476861045247,-2.2789534822026427
E10431,-0.7035565779744808,-1.702640828254755,3.0547144427954738
E10432,-0.330772143849332,2.281610732362447,0.989263432922535
E10433,-0.022282680453606082,-0.7265881250807998,0.1708419614290383
E10434,-0.945996130377039,-1.4521668967107855,3.616285079490171
E10435,-0.8181604748492723,0.43238451329528493,0.9722878070337685
E10436,-0.3261431528358974,-1.1625338438103552,-0.8405253094373268
E10437,-0.5700970831082802,0.41169721511834034,1.3849006618917186
E10438,-1.4580929222916144,-1.2344963809920722,2.6276757376261175
E10439,-0.013820304711105513,-1.9127198156595402,3.1909899271920517
E10440,0.5806387587569164,0.4205578956227908,0.6392629343716921
E10441,-0.733498422165874,-1.5222921125019966,0.07514265553538868
E10442,0.0904314092732371,-1.6685718221254828,-0.8619694858472264
E10443,-0.40839197265683325,-1.619109210053304,4.582090719857382
E10444,0.1294871943686462,-0.19018415819909174,-1.92812242230255
E10445,-1.408329545146935,0.7518478577315306,1.8845969336096504
E10446,0.4763189381077866,-1.9793008429507872,3.011421569533004
E10447,-0.8425382184703054,-1.4127228014536521,0.5443814825712797
E10448,-0.4435298339310359,-1.5037003809748817,2.4477272650907107
E10449,0.4066319933888626,-1.8120072134088907,3.6079370422786243
E10450,-1.3371386245567454,1.309583823474829,1.345943738480721
E10451,-0.3810968848763492,-1.4172040446372318,3.5844746826180023
E10452,-1.1427140550296875,1.5423225005106473,1.2393736748257371
E10453,-0.00214606182576918,-0.2823317627911109,-0.6505932004427366
E10454,-0.6831548508345854,-2.6072967663499873,-0.7353715575327673
E10455,-0.08074750986721457,-1.0038629958459349,3.47183516486561
E10456,-1.7442733120407774,0.8078726421756918,1.2733683152934379
E10457,0.13551800279179543,-0.2227482131520212,0.3689172029082467
E10458,-0.4574107567987634,1.4963612165776683,0.787679865038361
E10459,0.1248048102630433,1.165435972038621,0.37272961492519485
E10460,-0.7053279970022658,-0.08635080711170448,1.8833489591377273
E10461,-0.042267998434793036,-0.186148218965649,-1.2486634247626274
E10462,0.006887772487834953,1.03272764483282,1.1111023493727692
E10463,0.423708064719208,1.729156935876434,0.19416663610846607
E10464,-0.9541811413806844,-1.317322124890804,-1.9535366323648287
E10465,0.14639945926877004,0.14808674668447122,1.386178147530737
E10466,-0.316520908554613,-0.23390566164723303,0.4796639733663297
E10467,-0.40987942356505747,0.33455245675448425,1.3453976919550068
E10468,-0.3985407073756698,-0.3765133729341943,0.635966493628133
E10469,-1.2587003750236483,-1.2668491552497196,2.9759565004665576
E10470,-1.7897042993953467,0.38964384006447705,1.2639905166379257
E10471,0.5652752115296591,0.34660234596008926,0.39974312833024095
E10472,-1.4789556567807942,-0.7574223237853823,-0.26172998851088974
E10473,-0.011446495108233812,-1.515315729952951,3.967974286247844
E10474,-0.9194483131080046,-0.5835518086994926,0.27094969757994075
E10475,-1.6753422482686287,2.217469642003315,1.2271941597973823
E10476,-0.0075018869899252105,-0.3962087597515699,2.0520954938696025
E10477,-0.6039863971125231,-0.7794806437948889,-0.7335277778947431
E10478,-0.7090489365897571,0.027313720325782942,-0.022726706348099424
E10479,-0.07206621524729628,0.5076264600453979,2.4417570665427095
E10480,-0.8758838364778596,0.28919296647693826,-0.4835285668537154
E10481,-0.4959417613950334,-0.6894580129964931,0.4548878337264834
E10482,-0.887319029154885,-0.5084271378935651,0.4653445026013055
E10483,-1.0271738267168462,2.3830874934015176,0.2970044877887478
E10484,-0.499412029352993,-0.8753088648725682,-0.6737835653001747
E10485,0.017141779064798912,-0.18109324590064285,0.0010899019516694974
E10486,0.35829065081153005,-0.46275536877720347,0.25225910519358524
E10487,0.11054111078440776,-1.0355814445637028,3.759371561877264
E10488,-0.8140562410164919,-0.8478348940269684,-0.6887430690603138
E10489,-0.8933974675532396,-1.2057342470987424,-0.7042209064695648
E10490,0.5818956317347852,-0.790014579002062,-2.367468005298811
E10491,-0.9613833051560448,0.5480269340960521,0.8935414987818362
E10492,-0.19129637948861616,1.2785260783398185,0.8172635203372894
E10493,0.6555574364014598,-2.5456247428855345,0.580479341632324
E10494,-0.9039149916016251,-1.5568585766468805,2.9713431847566736
E10495,0.34839084761513717,-2.2485802686623626,3.2948030092219005
E10496,0.17531351877319235,-1.2923405539137205,-0.4386044383623903
E10497,-0.6662491358072713,-2.0419921913898316,2.798406124657249
E10498,-0.6743193792557732,1.813647736234555,0.965488398610684
E10499,0.5225072369973441,-1.7613651089233744,-0.9127971507626824
E10500,0.9130786541216517,-0.27204596889382304,0.5004000818731235
E10501,-1.2879609543741268,0.7677909799908471,1.0821645773203838
E10502,-0.2933755133826448,-0.42125992013460367,0.7211001947071706
E10503,-0.1795298339759204,2.344053778832626,0.13376057405422923
E10504,0.5125223804885689,-0.6795665245851173,-0.18351218663343355
E10505,-0.9295246073206117,-1.3108148134392748,3.5938204261131026
E10506,-0.9208936445842502,-1.4101898510088133,4.029484174344496
E10507,1.1174201637553833,-0.6500888471181087,0.9560120173495583
E10508,-0.6203531160349021,0.54385825894106,2.090058991265183
E10509,-0.6623484794696213,-1.4540645065547668,0.8810990626225392
E10510,-0.7262089858149696,-1.1304169127760464,1.0301234080890085
E10511,0.8255829354190619,-1.0194637084289948,-1.2533187162274424
E10512,-0.5058432926740177,0.29189823199091436,2.2348314605573494
E10513,-0.3212621057246652,2.724074497595031,0.6323538733534324
E10514,-0.4762102340068724,1.200063736648502,0.520034138840171
E10515,-0.669192255514127,-1.2595955895829432,3.602299295359957
E10516,0.8378695259568227,1.7025794190809873,1.8612011469453402
E10517,-0.20307204153164307,1.1295622679770407,2.726016857469261
E10518,0.19410259889914605,-1.7583058485987102,-0.49092680814491196
E10519,0.04461210223667349,-0.888811618177374,0.2574112861520122
E10520,-0.3012234069703092,-1.5058022208256436,2.9060421226674618
E10521,-0.2237188246513731,2.536891351735245,1.7830762279942234
E10522,0.534703949636198,1.0295669238227512,-0.3710640289008525
E10523,-0.882301103358326,-1.958664233198796,3.212589213727076
E10524,-0.39435321036825377,0.39922595120866355,-0.17185958670401147
E10525,-0.6061815094213736,0.0028358679706175227,-0.4324689331274171
E10526,-0.3722847070597002,1.6946926320928983,0.48910319338508157
E10527,0.27688848029193064,1.8061703614935878,2.10614947186604
E10528,-0.6502617516418888,0.1822043831911797,1.3105607391129366
E10529,0.03378461692358929,-2.035479288474058,-0.0951419672632775
E10530,-0.9970280191970529,-0.11073845046446712,-1.16385501080581
E10531,-1.2355005802607757,-0.6715812094637624,-0.48974686759548053
E10532,-0.7172633238657683,-0.40020306668243255,0.034931935918438045
E10533,0.2805255280092417,0.022983664312985416,2.894724502456421
E10534,-0.5038579886786827,0.7209584364333128,0.07651483984535412
E10535,-1.1338559092904532,-0.03602964573375478,0.3021920007784
E10536,-0.8735216778545665,-0.4306026585753451,1.272128700265424
E10537,0.08530020946236515,-2.6451084090554016,0.4702290770356708
E10538,-0.7611005656988973,0.6248504466079456,1.735758995608729
E10539,-0.5915128033594076,-0.7802937045098544,3.5505325451765923
E10540,-0.12545718145525142,-1.254348406315855,0.12798386185507177
E10541,-0.4908473445966267,-0.38881464554241596,1.6528927597092056
E10542,-0.22784237720946332,-0.3055983043412163,0.7669623655980664
E10543,-0.20947563698425026,-0.3167185378575456,-0.24645524296525734
E10544,0.11729428804630476,-0.11584214557456715,0.6537995429796366
E10545,-0.8118790836140364,1.14920875549274,1.646401504224852
E10546,0.2588528024485168,-1.8224667305348732,-0.4419598227992455
E10547,-1.5964123567484843,-1.039422318620956,2.5286339657898207
E10548,0.5541310941829825,-2.436753006722581,3.979111578512388
E10549,-0.19013028834955206,-0.5457004350858663,0.22457245778595863
E10550,-0.08526157791522304,0.8812586358483296,0.6816464296364273
E10551,0.2486132467249258,-1.3501446653723799,-0.23720299200994938
E10552,3.040686954159441,-0.9680129645892809,1.1478027917597526
E10553,-0.928912476936621,-1.2045660837009207,3.680374601746469
E10554,0.4346454517987399,0.002576611617818303,2.480278069369331
E10555,-0.930943954459442,-1.369460922419471,3.4349273467193036
E10556,-1.2505228876779828,-1.6815165235666794,3.3846692869317834
E10557,-0.4004222982204575,1.138815486091301,-0.38983974025441653
E10558,0.5831062011978329,-0.6488345514384896,-0.16996107518117376
E10559,-0.7618540216223767,-0.3382242845295783,0.9761669065865135
E10560,-1.3141733584787865,-0.4793503477740906,0.3974613768982338
E10561,0.23018298619829625,-1.1389157351462758,3.7593456467080153
E10562,0.2287506912387448,-1.0625298653272635,0.7147644047988713
E10563,-0.6107626557317373,0.10666965536704488,0.7470588278241231
E10564,-1.035454128424706,1.9806822453910131,1.304086743782971
E10565,-0.03935480934106815,-0.40858362032280837,0.3873294053275233
E10566,0.03807801939645913,0.130129438098042,-1.504148530947979
E10567,-0.47502913905279137,-0.015412763487243797,0.3796701673310338
E10568,0.5915497776596463,-0.3980395281166147,-0.7190374441532179
E10569,0.16963647705549595,2.2855525449560607,1.7100658084513083
E10570,-0.22272868220091863,-0.536078808201814,1.8957024923263173
E10571,-0.5082506270440483,-2.2970351859262816,2.935990157657448
E10572,-0.08911618122748022,0.4610163507080137,1.2727609096848123
E10573,-0.3491400255188041,-0.5889201266916158,4.073878101021319
E10574,0.39420239536463886,-2.460317845636479,0.3909880823501441
E10575,0.5308330320669467,-1.1251692285722485,-2.2640255391272373
E10576,-0.7767739091870604,-1.1668227695340663,-2.0150084395070906
E10577,0.10577590958192211,-1.757429127684924,0.349291084721401
E10578,-0.2424128360055514,0.4505130003369562,-0.8281249509106329
E10579,-0.8953957673112556,-1.4518544449586182,2.7428688182241365
E10580,-0.37786889056927037,-1.2934809830738847,-0.3019885857455476
E10581,0.988522664134784,-0.9357746680688553,0.126062543286171
E10582,0.19924438492061847,-0.7951346129254939,-0.21137598480353015
E10583,-0.3335974952301134,-0.22564925747165349,0.8074168332533855
E10584,0.09840089735349644,-1.6542322559922535,3.7484674041896056
E10585,-0.24129927751022445,-1.1423881096666149,-0.44575782341112935
E10586,-0.3517156726547687,0.9275269494352918,1.342399974519961
E10587,0.18869450556218959,-2.1470665223740313,-1.4114386080195835
E10588,-0.2413149037447287,-0.8291434854434051,0.02166541170356352
E10589,-0.7219111555465034,1.4718964503930005,1.2440208706289313
E10590,-0.8161812040046152,-0.11649216178442992,1.3333718557729195
E10591,0.4678510693830067,0.276760411382928,0.8897861781659626
E10592,0.0982531832035057,0.6987904404104364,0.663358347458713
E10593,0.18736624591856643,0.10961521210677294,0.9773068887624803
E10594,0.40264748709956744,0.4627851363760783,1.92813261787047
E10595,-1.22633267346677,-2.4113523219833755,3.382020377775037
E10596,-0.2015201635207056,-0.20361712440247084,1.782458888013045
E10597,-1.6950601675790753,-1.8308565242138892,2.99678786046217
E10598,-1.4461828524695863,2.320737541608434,0.3555983035395769
E10599,-0.9303460500929452,-0.9652053158961266,3.675388393445978
E10600,-0.8060544902336535,0.08375463237376196,0.2872051511002349
E10601,1.2752728575804566,-0.9203461896867787,-0.24638888711973
E10602,-0.4063761738408548,-1.725281874992599,-1.7213537207208407
E10603,0.6815096160043475,-0.31495694417273756,0.4524827382901398
E10604,0.7840000803021084,-2.57778892465224,0.605680464341614
E10605,0.14076314750079932,-1.0177068318349898,-1.7229341964888967
E10606,-0.7551243984485184,0.4888458898129879,2.3845978003314694
E10607,0.02464597198060703,-0.7506794177280827,3.172560425231887
E10608,-0.5012722070941826,-0.794221864130016,-0.17962977091271098
E10609,-1.809011475610649,-1.944944776314168,2.951549293752833
E10610,-0.6825569203452384,-1.4309431047308319,3.5052317085641054
E10611,-0.2516838127768047,-0.22613694410017046,0.10893210015710708
E10612,-0.4697336447274998,-1.7461808219399644,0.11799625448855133
E10613,-0.03176957769211752,-0.9468505303432434,3.741932829065431
E10614,0.027409559159305888,-1.5919091941047945,-1.6741539156401855
E10615,-1.045649022303856,0.2693733271220946,0.008507841147317202
E10616,-0.9905327654835528,-0.3731659177206571,0.766763212256888
E10617,-0.5515273246992577,-0.8695124599367954,3.0789674576313892
E10618,-1.9288621245785231,-1.623501371674559,3.1940448473304213
E10619,-0.2595006182477368,-1.5391871392131824,-0.031180346043105517
E10620,-0.5376573466189327,-1.5248913590551951,3.535346004254518
E10621,-0.15037469345791327,-1.5706872566396484,-0.3978182896887059
E10622,0.19446357348645593,0.1704287433830598,0.8489972151057429
E10623,-0.2617755073334537,-0.9529599630975043,2.3401540901465827
E10624,-0.002056156488807512,-1.2723415164163578,0.8449666600612746
E10625,-0.020754696626353764,-1.888260285055115,3.5114376825062625
E10626,0.1676813334492398,0.4543314331522287,-1.0188424693746518
E10627,-0.24839190226697563,1.2870081276739107,1.340588923170931
E10628,-1.0119731147816355,-1.8610310734171667,3.9920663996087606
E10629,-0.8736571243151252,-0.4639237329197453,1.2559985317870725
E10630,-1.0404762408199066,-2.041010349936886,3.350806770113716
E10631,-1.1457681034532514,-0.48204843324269897,2.5194046358706053
E10632,-0.30165698032692834,-1.9579311819411536,3.538690234348457
E10633,-0.23694372951635606,-0.9133445185250639,3.2114675697147006
E10634,0.008556605955399754,-2.7330610855085107,2.653976309103287
E10635,-0.4790191746664603,-1.312213050894532,2.740691814787554
E10636,-0.4216900209504383,-1.8842973197915631,3.1215857308524395
E10637,0.49031580071258274,-0.6173479411946016,-0.7598799908965683
E10638,-1.0572514620201034,-0.4111733955533163,-0.026746301172925133
E10639,-0.6374676824558732,0.7471143733852844,1.4953811911415524
E10640,-0.33369094978367636,-2.26991646794619,3.988135617819007
E10641,-1.83325096568722,0.17469437792700138,0.6739215065077645
E10642,-0.3839891920532007,-0.3989643089793071,-0.1995023262512188
E10643,-0.10369065034633992,-0.12202162074009018,2.0252794109919345
E10644,0.34225856343989175,1.844577657674602,0.6234363727768537
E10645,-0.4911881204206385,-1.9978676268870388,3.781027695758427
E10646,-0.040268294245509734,-1.8374234470960986,-0.11296904442750919
E10647,-1.0869924975381169,-1.4192634377766786,2.772314797569585
E10648,-0.5608494356918461,-1.05971125341815,3.2559299922336753
E10649,-0.811874976011767,-1.3880274379447293,3.706070759864451
E10650,-0.5567849614982575,-1.122342161996135,-0.43536777202950594
E10651,-0.12020760344388165,1.458551425247188,1.5549615687569074
E10652,-0.30584414204672433,-1.0578325050833186,2.0734022207989726
E10653,-1.0566221598843828,-0.5598129496378191,-1.0648113001754753
E10654,-0.33641883427681074,-1.721222964198582,2.690047640031141
E10655,0.06864018194567847,-0.20511879095267757,1.3795400551631283
E10656,-0.8392885041314443,2.2879650092883557,1.3825728133681594
E10657,-0.639341718236656,0.6022767822158308,1.62639038878879
E10658,0.035843294858049234,0.26629535644062347,-0.5969870310455316
E10659,-1.0728142908610379,-1.0543278662856572,3.1533975328007746
E10660,-0.08008299824909249,0.27982159594427714,0.26528834478380814
E10661,-1.3219976639943496,2.1956501891197666,1.2438283558779777
E10662,-0.20265326282214938,0.4308460051697467,0.23654219361486306
E10663,0.33568913400739747,-0.8399202360371967,0.2690639429191491
E10664,0.6694466710937039,0.2044358361999632,0.01704273170816427
E10665,-1.2510827093544332,-0.509314410776498,3.1451271633804714
E10666,-0.42501412035911906,-1.3677749838412834,0.31641832709256873
E10667,-0.15339662693876654,-0.7863400540442046,1.5589117113963247
E10668,-0.541643741731892,1.7369179120786997,0.9453305708618984
E10669,-0.15359099888787708,-1.803601589371877,-0.45916635081476265
E10670,-0.4663940659898805,-0.3122195845538144,1.7111202920687447
E10671,-1.405553776956245,-1.1349268428298385,4.356601017349254
E10672,-0.2373773160072804,-1.127254180823252,3.809797317533229
E10673,0.9012763375188872,-0.43677406331629887,0.10215803888520325
E10674,0.07793305897169006,0.892337981967785,1.6368952191859638
E10675,-1.0055559711837476,-0.36702241863162666,-3.0825621751432375
E10676,-0.0018707936905514033,-0.2635942989595279,1.9536344152390968
E10677,-0.008613022947786958,0.7971864445264589,0.6367893593128967
E10678,1.0383860371596327,2.105856344363327,0.7641582999318943
E10679,0.009807623805462518,1.5256575430838124,0.8563177963983521
E10680,-0.007686357789005616,0.5202491910056104,0.9204659897850809
E10681,-1.52703586281222,1.0017051108578017,1.5563461198737074
E10682,0.06050743642124931,0.15327712502676732,1.3891878825536257
E10683,-1.3742473600295542,-0.10080846063706522,0.8781363222552934
E10684,-0.28791081387792566,-0.9189886781310044,-1.742196659343132
E10685,-0.9401505257847803,-2.7622347180049167,3.111287279163037
E10686,-1.0878375477136197,0.07920292868964361,-0.9511080467424646
E10687,-0.06182313235689406,-1.2495218957731673,0.8415812693467815
E10688,-0.27901122743641754,-2.6137758941165887,2.528827880927114
E10689,-0.20960378391562867,-0.43517986133010667,-0.49407377202509206
E10690,0.23238577259191218,-1.0778587604359622,3.6003473114838016
E10691,-0.9417358429908829,-1.253387107973249,2.86514499285621
E10692,-0.001634099555809329,-1.715060374829648,0.7481292758549976
E10693,-1.1848705817601355,0.8620992054119824,1.3102967829268175
E10694,-0.7580819786151052,1.5241006902642944,1.6111278690444792
E10695,0.5773194527056096,0.310614721585603,0.7525296349590529
E10696,-0.43102370715043764,2.513974879244275,1.979725916045145
E10697,0.4207096071881914,-0.6852982272543294,0.25802625988531414
E10698,0.23085111929601115,1.1499216658137081,0.35806742527256696
E10699,-0.2013264888687918,-0.3678200443611309,0.6539348328901087
E10700,-0.8965689273626698,2.9150872919670627,1.2527938451830771
E10701,-0.36019731389174087,-2.243410854781759,2.181509412113161
E10702,-0.9558333672811943,2.2868162883721004,1.3716843443834832
E10703,-0.10524472654327549,1.8670385607680882,0.816309436858604
E10704,0.25543733467568674,-1.8896777301125163,4.131500602946271
E10705,0.022652704370175775,-0.9506981848423096,0.8381415941560983
E10706,-1.6483051354315965,-0.8120238909026817,3.272919934907298
E10707,-1.801407245379779,1.6493470662786462,0.8488205073045787
E10708,-1.0314331853627996,0.6810406089985983,0.17770598356324907
E10709,-0.7534008570963213,-1.7496480391708171,2.3797935058940753
E10710,-1.3600713554587993,-0.7390430996541569,3.0034314655173073
E10711,0.12076562099291692,-2.505334140539901,-2.016747484917249
E10712,0.22473783958204602,-0.09911183711431978,1.165359583139891
E10713,0.22843178327040203,-1.6484197540701007,3.5715333262167013
E10714,-0.6543638471517552,2.65678482843004,1.8605278823690106
E10715,-0.022737425171773018,-1.0424735684019506,0.7052663778772739
E10716,0.4552717086991071,-0.343559044577205,-2.54208101919527
E10717,0.13558728455647323,-0.634999811991451,1.1671612564820972
E10718,0.35049719660556367,-1.490291685118423,4.209139774675358
E10719,0.4925266962871697,-1.4653491674235186,4.770921450847854
E10720,-0.48320647301174424,1.295186367045306,1.6906426178881766
E10721,-0.7896164543937221,-1.4587893051022707,4.133421841819285
E10722,-0.11301716835606158,-2.1797211151129456,0.05874783823090704
E10723,-0.5589258197742425,0.19342380119410763,0.5310482934010492
E10724,0.6401116195888846,0.6672482881811018,1.9410938563112583
E10725,-0.2939330556518292,-0.7963439572849549,-0.044821489823771765
E10726,-0.554339617524866,0.7541040818536389,-0.21627559081549647
E10727,-1.0885247627383183,-1.332272904566304,3.7173074370660246
E10728,0.42250159469693516,-1.7397678917916823,0.09908026387396324
E10729,-0.30380774245930425,-2.1720892084616024,-1.7831340527596167
E10730,-0.9149420009834017,1.7368560334583556,1.8624472625787718
E10731,-1.0084724576115838,-0.951533794802928,-0.8676627059411548
E10732,-0.19989077029993357,-1.8836315191814557,2.656963776574772
E10733,0.35525022952212104,-1.5148640025948183,-0.35122216529022987
E10734,-1.9093354682421595,-0.9420623537251227,3.7803063000902033
E10735,-0.12127377311763542,-2.0792590041412167,0.5639777125222469
E10736,-0.5243065115028984,-1.4347225093881142,1.2255826393371076
E10737,-0.9995238821738716,-1.0646671931233067,3.6250165446383096
E10738,-0.008625273582977544,0.2919292332381902,1.5127804232499389
E10739,0.27068935499512303,-1.309886870084893,-0.31912238897350054
E10740,-1.2519981178894777,2.036773799656077,1.6645244439501017
E10741,0.277889800454835,0.34444876340145714,0.05777482674426607
E10742,-1.5857862269060368,1.38052334141816,0.576402534162838
E10743,-0.9035173073247491,0.6784471329474043,0.88471214967127
E10744,-0.6007028057010981,-1.3038129902507778,1.7070804328857927
E10745,0.7548510990945954,-1.1462508544814338,3.1660068134682025
E10746,-0.610189853114063,-1.7625846913871126,3.341786137708914
E10747,-0.2649334457549688,-0.3819001505334929,2.296680319485118
E10748,-1.3566943228357733,1.854897863163399,1.1104004883470515
E10749,1.9008318150657448,0.3408645992482214,-0.35990553718324825
E10750,-0.2731727987471222,-1.1387664226159047,-0.8473182114764515
E10751,-0.5846701947571707,-2.233676820842876,-0.7154299335030672
E10752,-0.06820459069015392,-0.9826054097570488,-1.349241611476452
E10753,-0.546728803236431,1.7619449077401308,1.0733717487118295
E10754,-0.6230017767777088,-0.12456777932344462,0.962489273130086
E10755,-0.8464401168747451,1.5281930523937604,2.5557320013788414
E10756,-0.5707684298295338,-1.3535960189246175,-0.19266255810374994
E10757,-0.3048876601841773,-0.6197943727052005,-2.6484234874238086
E10758,-0.4431839819136292,-0.6717221975357843,-0.33810037951179117
E10759,-0.8208389588502913,0.44075675443876416,0.906343235397152
E10760,-0.45096074857929874,-1.990725386466937,3.5614831788797847
E10761,-0.3823792525076796,0.12137323595367672,1.0032897948192563
E10762,-1.6878945330995434,-1.0960699554103819,-1.2030841566471873
E10763,0.8877311354895285,-1.790867890856921,3.7355851324839624
E10764,-0.5985321314652712,-1.9918439190106425,2.734529359082283
E10765,0.3740654881521215,-0.9364303344722205,4.453911639815277
E10766,-0.5440700146137143,-1.3372413978316067,3.127446247995566
E10767,-0.6366511032789163,0.7987667777604304,1.2215251792921815
E10768,-0.3660229565009194,-1.013590501520735,-1.12388613205182
E10769,-0.4047327895029005,-0.5049152067650713,3.265130417529384
E10770,-0.12330581399627688,-0.2790874921278581,4.071731428965768
E10771,0.22750003766299604,1.2398860079345513,1.3089048980782487
E10772,-1.0336943645289938,0.42207754828413235,1.4516233926847242
E10773,-0.563310940614625,-0.8936762976334909,2.563096293934101
E10774,0.5165159292862975,1.9649577500110218,1.1287386769463863
E10775,-0.21378623237685995,-0.8743437101786048,0.7508669447596568
E10776,-0.06358384847241733,-1.0762918981402256,-0.15077270790308814
E10777,0.4918724519125497,-1.7313230323414213,3.2700566282172963
E10778,0.3007193768482629,-1.4217866704114888,3.969996503416052
E10779,-1.1241100498501089,-1.6331686835563153,4.178421610452876
E10780,-0.983145845166461,-1.6007725944410314,3.441772325923626
E10781,-1.0578944922057028,1.175612866073713,1.238701073832955
E10782,-0.09653943918924705,-0.39449922682548,0.7632305224207412
E10783,-0.6381994028869705,-1.0959493278272678,0.24290519057624838
E10784,0.7686588071367126,0.10535528520765769,0.2878825048607009
E10785,0.1571969298785498,0.5269902083072395,0.7303187107457982
E10786,-0.3487225059061495,2.299395533760066,1.0467050035211678
E10787,-0.4996740301798672,-1.65550304029482,1.899445490024614
E10788,-0.5649879093675263,-1.3289180121874833,2.9802651528601976
E10789,-0.9355107586418654,-0.40563496816350586,1.7454598557977579
E10790,1.2910398642589418,-0.4492758502759968,-2.0324998663382767
E10791,0.38822790664399787,-1.5606078648133355,-0.5110040319838772
E10792,-0.4017338384691942,-0.7390702694145033,0.41390823139081195
E10793,-0.3015472320789014,0.07408646310066884,1.565505532057895
E10794,-0.23654529199378865,-0.8042577465240894,2.51713800208322
E10795,-0.2307121854286106,-0.5180857178292229,1.2563819186783776
E10796,-0.7130471883167904,-1.5380428429208284,2.80791545452242
E10797,-1.469715891632791,-2.7666556866081486,3.2090530948298346
E10798,-0.8359426792080973,-1.915555769461503,4.081290265087736
E10799,-0.6568125844199921,0.5243615561006617,1.087640710466856
